,,Bergman
,,Bicock
,,Oâ€™Sullivan
Adamski,,
Aiguille,,Delaz
Akram,,Harida
Alloys,,Mozley
Alpha,,Bate
Anavel,,Gato
Bask,,Om
Bernard,,Monsha
Bily,,Glardle
Bob,,
Chap,,Adel
Chuck,,Keith
Cima,,Garahau
Deatroaf,,Kocsel
Dick,,Allen
Draize,,
Eiphar,,Synapse
Gaily,,
Gene,,Coliny
Green,,Wyatt
Haman,,Karn
Hawkins,,Marnery
Heintz,,
Horst,,Harness
Ivan,,Paserov
Jacqueline,,Simone
Jamitov,,Hymen
John,,Kowen
Joshua,,Purpleton
Kalent,,
Karius,,Otto
Kelley,,Layzner
Kou,,Uraki
Kult,,
Kurena,,Hacksell
Latuera,,Chapra
Lucette,,Audevie
Mora,,Boscht
Nakohha,,Nakato
Neuen,,Bitter
Nick,,Orville
Nina,,Purpleton
Peter,,Purpleton
Peter,,Scott
Poral,,Guilish
Raban,,Karcs
South,,Burning
William,,Morris
Wolfgang,,Waal
Yuri,,Hasler