,,Gaia
,,Mash
,,Ortega
,,Tianem
,,Wakkein
Acous,,
Akahana,,
Amuro,,Ray
Antonio,,Callas
Asakura,,
Bamlo,,
Barom,,
Beebe,,
Bison,,
Boraskyniv,,
Bright,,Noa
Butsham,,
Callahan,,
Camilla,,
Carioca,,
Cecilia,,Irene
Challia,,Bull
Char,,Aznable
Clamp,,
Connolly,,
Conscon,,
Cozun,,Graham
Crowley,,Hamon
Crown,,
Cuaran,,
Cucuruz,,Doan
Darota,,
Degwin,Sodo,Zabi
Delamin,,
Denim,,
Dimitri,,
Dozle,,Zabi
Dren,,
Elran,,
Fix,,
Fraw,,Bow
Gadem,,
Garma,,Zabi
Gene,,
Ghien,,
Gihren,,Zabi
Giyal,,
Godard,,
Gopp,,
Goro,,
Guevil,,
Habe,,
Hamble,,
Haro,,
Hayato,,Kobayashi
Howard,,
Humrau,,
Ivanov,,
Jimba,,Ral
Jittal,,
Job,,John
Johann,Abraham,Revil
Joyce,,
Judock,,
Kai,,Shiden
Kal,,
Kamp,,
Keji,,
Klink,,
Kohm,,
Kolin,,
Kom,,
Kycilia,,Zabi
Lackoc,,
Lalah,,Sune
Lang,,
Li,,Hwan
M'Quve,,
Madison,,
Magu,,
March,,
Marker,,Clan
Matilda,,Ajan
Matthew,,
Maximilian,,
Meyer,,
Mile,,
Mirai,,Yashima
Miru,,
Mosk,,Han
Mulligan,,
Omar,,Fang
Oscar,,Dublin
Paolo,,Cassius
Ramba,,Ral
Reed,,
Rio,,Marini
Ross,,
Ryu,,Jose
Sagred,,
Sayla,,Mass
Seki,,
Shin,,
Simus,,Al Bakharov
Sleggar,,Law
Slender,,
Smith,,Onizawa
Sol,,
Stetch,,
Sunmalo,,
Tachi,,
Tamura,,
Tem,,Ray
Tokwan,,
Torgan,,
Twanning,,
Uragan,,
Vammas,,
Vice,,
Woody,,Malden
Zeygan,,