Aaron,,Terzieff
Alberto,,Vist
Alec,,
Angelo,,Sauper
Anna,,Links
Audrey,,Burne
Banagher,,Links
Bancroft,,
Beltorchika,,Irma
Besson,,
Bollard,,
Bright,,Noa
Cardeas,,Vist
Conroy,,Haagensen
Daguza,,Mackle
Daryl,,McGuinness
Denis,,
Douglas,,Doillon
Ester,,
Fee,,Zinnerman
Flaste,,Schole
Full,,Frontal
Gael,,Chan
Galom,,Gorga
Gilboa,,Sant
Hasan,,
Helm,,Converse
Hill,,Dawson
Homare,,
Jonah,,Gibney
Kai,,Shiden
Kora,,Sant
Liam,,Borrinea
Loni,,Garvey
Marco,,
Marida,,Cruz
Marie,,Zinnerman
Martha,,Vist Carbine
Meran,,
Micott,,Bartsch
Mihiro,,Oiwakken
Nashiri,,Lazar
Nigel,,Garrett
Norm,,Basilicock
Otto,,Midas
Ricardo,,Marcenas
Riddhe,,Marcenas
Ronan,,Marcenas
Russet,,
Savoir,,
Sercel,,Mitukale
Sergi,,
Suberoa,,Zinnerman
Syam,,Vist
Sydow,,Omoki
Takuya,,Irei
Tikva,,Sant
Tom,,
Tomura,,
Tucci,,Sant
Utalde,,Husher
Watts,,Stepney
Yonem,,Kirks