Kamille,,Bidan
Fa,,Yuiry
Quattro,,Bajeena
Bright,,Noa
Apolly,,Bay
Roberto,,
Reccoa,,Londe
Henken,,Bekkener
Katz,,Kobayashi
Astonaige,,Medoz
Hasan,,
Kai,,Shiden
Anna,,Hanna
Toraja,,Toraja
Tripper,,
Samarn,,
Saegusa,,
Abu,,Dabia
Caesar,,
,,Callman
Hayaii,,
,,Manack
,,Torres
Bask,,Om
Jerid,,Messa
Kacrikon,,Cacooler
Emma,,Sheen
Lila,Milla,Rira
Matosh,,
Franklin,,Bidan
Hilda,,Bidan
Four,,Murasame
Rosamia,,Badam
Jamaican,,Daninghan
Mouar,,Pharaoh
Sarah,,Zabiarov
Yazan,,Gable
Jamitov,,Hymen
Paptimus,,Scirocco
Ted,,Ayachi
Dolk,,
Wong,,Lee
Melanie,Hue,Carbine
Haman,,Karn
Mineva,Lao,Zabi
Stephanie,,Luio
Margareta,,
Ramban,,Sqwarm
Mezun,,Mex
Amelia,,